Riemenschneider,krn_file,cap_file,xml_file
1,chor001.krn,001 Aus meines Herzens Grunde.mscx,001/short_score.mxl
2,chor002.krn,"002 Ich danke dir, lieber Herre.mscx",002/short_score.mxl
3,chor003.krn,"003 Ach Gott, vom Himmel sieh darein.mscx",003/short_score.mxl
4,chor004.krn,004 Es ist das Heil uns kommen her.mscx,004/short_score.mxl
5,chor005.krn,005 An Wasserflüssen Babylon.mscx,005/short_score.mxl
6,chor006.krn,"007 Christus, der ist mein Leben.mscx",006/short_score.mxl
7,chor007.krn,"006 Nun lob, mein Seel, den Herren.mscx",007/short_score.mxl
8,chor008.krn,"008 Freuet euch, ihr Christen alle.mscx",008/short_score.mxl
9,chor009.krn,"009 Ermuntre dich, mein schwacher Geist.mscx",009/short_score.mxl
10,chor010.krn,010 Aus tiefer Not schrei ich zu dir.mscx,010/short_score.mxl
11,chor011.krn,"011 Jesu, nun sei gepreiset.mscx",011/short_score.mxl
12,chor012.krn,012 Puer natus in Bethlehem.mscx,012/short_score.mxl
13,chor013.krn,"013 Allein zu dir, Herr Jesu Christ.mscx",013/short_score.mxl
14,chor014.krn,"014 O Herre Gott, dein göttlich Wort.mscx",014/short_score.mxl
15,chor015.krn,015 Christ lag in Todesbanden.mscx,015/short_score.mxl
16,chor016.krn,016 Es woll uns Gott genädig sein.mscx,016/short_score.mxl
17,chor017.krn,017 Erschienen ist der herrliche Tag.mscx,017/short_score.mxl
18,chor018.krn,018 Gottes Sohn ist kommen.mscx,018/short_score.mxl
19,chor019.krn,019 Ich hab mein Sach Gott heimgestellt.mscx,019/short_score.mxl
20,chor020.krn,020 Ein feste Burg ist unser Gott.mscx,020/short_score.mxl
21,chor021.krn,021 Herzlich tut mich verlangen.mscx,021/short_score.mxl
22,chor022.krn,"022 Schmücke dich, o liebe Seele.mscx",022/short_score.mxl
23,chor023.krn,023 Zeuch ein zu deinen Toren.mscx,023/short_score.mxl
24,chor024.krn,024 Valet will ich dir geben.mscx,024/short_score.mxl
25,chor025.krn,025 Wo soll ich fliehen hin.mscx,025/short_score.mxl
26,chor026.krn,"026 O Ewigkeit, du Donnerwort.mscx",026/short_score.mxl
27,chor027.krn,027 Es spricht der Unweisen Mund wohl.mscx,027/short_score.mxl
28,chor028.krn,"028 Nun komm, der Heiden Heiland.mscx",028/short_score.mxl
29,chor029.krn,"029 Freu dich sehr, o meine Seele.mscx",029/short_score.mxl
30,chor030.krn,"030 Jesus Christus, unser Heiland.mscx",030/short_score.mxl
31,chor031.krn,"031 Ach lieben Christen, seid getrost.mscx",031/short_score.mxl
32,chor032.krn,032 Nun danket alle Gott.mscx,032/short_score.mxl
33,chor033.krn,"035 Herr, ich habe mißgehandelt.mscx",033/short_score.mxl
34,chor034.krn,"033 Erbarm dich mein, o Herre Gott.mscx",034/short_score.mxl
35,chor035.krn,034 Gott des Himmels und der Erden.mscx,035/short_score.mxl
36,chor036.krn,036 Nun bitten wir den heiligen Geist.mscx,036/short_score.mxl
37,chor037.krn,"037 Jesu, der du meine Seele.mscx",037/short_score.mxl
38,chor038.krn,038 Straf mich nicht in deinem Zorn.mscx,038/short_score.mxl
39,chor039.krn,"039 Ach, was soll ich Sünder machen.mscx",039/short_score.mxl
40,chor040.krn,040 Ach Gott und Herr.mscx,040/short_score.mxl
41,chor041.krn,"041 Was mein Gott will, das gescheh allzeit.mscx",041/short_score.mxl
42,chor042.krn,"042 Du Friedefürst, Herr Jesu Christ.mscx",042/short_score.mxl
43,chor043.krn,"043 Liebster Gott, wenn werd ich sterben.mscx",043/short_score.mxl
44,chor044.krn,"044 Machs mit mir Gott, nach deiner Güt.mscx",044/short_score.mxl
45,chor045.krn,"046 Kommt her zu mir, spricht Gottes Sohn.mscx",045/short_score.mxl
46,chor046.krn,"045 Vom Himmel hoch, da komm ich her.mscx",046/short_score.mxl
47,chor047.krn,047 Vater unser im Himmelreich.mscx,047/short_score.mxl
48,chor048.krn,"048 Ach wie nichtig, ach wie flüchtig.mscx",048/short_score.mxl
49,chor049.krn,049 Mit Fried und Freud ich fahr dahin.mscx,049/short_score.mxl
50,chor050.krn,,050/short_score.mxl
51,chor051.krn,"053 Gelobet seist du, Jesu Christ.mscx",051/short_score.mxl
52,chor052.krn,051 Wenn mein Stündlein vorhanden ist.mscx,052/short_score.mxl
53,chor053.krn,052 Das neugeborne Kindelein.mscx,053/short_score.mxl
54,chor054.krn,"054 Lobt Gott, ihr Christen allzugleich.mscx",054/short_score.mxl
55,chor055.krn,057 Wir Christenleut.mscx,055/short_score.mxl
56,chor056.krn,055 Christum wir sollen loben schon.mscx,056/short_score.mxl
57,chor057.krn,"060 O Traurigkeit, o Herzeleid.mscx",057/short_score.mxl
58,chor058.krn,"056 Herzlich lieb hab ich dich, o Herr.mscx",058/short_score.mxl
59,chor059.krn,,059/short_score.mxl
60,chor060.krn,061 Ich freue mich in dir.mscx,060/short_score.mxl
61,chor061.krn,"059 Jesu Leiden, Pein und Tod.mscx",061/short_score.mxl
62,chor062.krn,066 Wer nur den lieben Gott läßt walten.mscx,062/short_score.mxl
63,chor063.krn,062 Nun ruhen alle Wälder.mscx,063/short_score.mxl
64,chor064.krn,"063 Freu dich sehr, o meine Seele.mscx",064/short_score.mxl
65,chor065.krn,"064 Was Gott tut, das ist wohlgetan.mscx",065/short_score.mxl
66,chor066.krn,065 Christ unser Herr zum Jordan kam.mscx,066/short_score.mxl
67,chor067.krn,"067 Freu dich sehr, o meine Seele.mscx",067/short_score.mxl
68,chor068.krn,068 Wenn wir in höchsten Nöten sein.mscx,068/short_score.mxl
69,chor069.krn,"069 Komm, heiliger Geist, Herre Gott.mscx",069/short_score.mxl
70,chor070.krn,070 Gott sei gelobet und gebenedeiet.mscx,070/short_score.mxl
71,chor071.krn,"071 Ich ruf zu dir, Herr Jesu Christ.mscx",071/short_score.mxl
72,chor072.krn,"072 Erhalt uns, Herr, bei deinem Wort.mscx",072/short_score.mxl
73,chor073.krn,"073 Herr Jesu Christ, du höchstes Gut.mscx",073/short_score.mxl
74,chor074.krn,074 O Haupt voll Blut und Wunden.mscx,074/short_score.mxl
75,chor075.krn,075 Das walt mein Gott.mscx,075/short_score.mxl
76,chor076.krn,"076 Freu dich sehr, o meine Seele.mscx",076/short_score.mxl
77,chor077.krn,"077 In dich hab ich gehoffet, Herr.mscx",077/short_score.mxl
78,chor078.krn,"078 Herzliebster Jesu, was hast du verbrochen.mscx",078/short_score.mxl
79,chor079.krn,079 Heut triumphieret Gottes Sohn.mscx,079/short_score.mxl
80,chor080.krn,087 O Haupt voll Blut und Wunden.mscx,080/short_score.mxl
81,chor081.krn,"080 Christus, der uns selig macht.mscx",081/short_score.mxl
82,chor082.krn,081 O großer Gott von Macht.mscx,082/short_score.mxl
83,chor083.krn,"082 Jesu Leiden, Pein und Tod.mscx",083/short_score.mxl
84,chor084.krn,083 Nun bitten wir den Heiligen Geist.mscx,084/short_score.mxl
85,chor085.krn,"084 O Gott, du frommer Gott.mscx",085/short_score.mxl
86,chor086.krn,085 Wie schön leuchtet der Morgenstern.mscx,086/short_score.mxl
87,chor087.krn,"086 Du, o schönes Weltgebäude.mscx",087/short_score.mxl
88,chor088.krn,088 Helft mir Gottes Güte preisen.mscx,088/short_score.mxl
89,chor089.krn,089 O Haupt voll Blut und Wunden.mscx,089/short_score.mxl
90,chor090.krn,"090 Hast du denn, Jesu, dein....mscx",090/short_score.mxl
91,chor091.krn,091 Verleih uns Frieden gnädiglich.mscx,091/short_score.mxl
92,chor092.krn,"092 O Jesu Christ, du höchstes Gut.mscx",092/short_score.mxl
93,chor093.krn,093 Wach auf mein Herz und singe.mscx,093/short_score.mxl
94,chor094.krn,"094 Warum betrübst du dich, mein Herz.mscx",094/short_score.mxl
95,chor095.krn,"095 Werde munter, mein Gemüte.mscx",095/short_score.mxl
96,chor096.krn,"096 Jesu, meine Freude.mscx",096/short_score.mxl
97,chor097.krn,097 Nun bitten wir den Heiligen Geist.mscx,097/short_score.mxl
98,chor098.krn,098 O Haupt voll Blut und Wunden.mscx,098/short_score.mxl
99,chor099.krn,099 Helft mir Gottes Güte preisen.mscx,099/short_score.mxl
100,chor100.krn,"100 Ich ruf zu dir, Herr Jesu Christ.mscx",100/short_score.mxl
101,chor101.krn,"101 Herr Christ, der ein'ge Gottes Sohn.mscx",101/short_score.mxl
102,chor102.krn,"102 Ermuntre dich, mein schwacher Geist.mscx",102/short_score.mxl
103,chor103.krn,,103/short_score.mxl
104,chor104.krn,104 Wer nur den lieben Gott läßt walten.mscx,104/short_score.mxl
105,chor105.krn,"105 Herzliebster Jesu, was hast du verbrochen.mscx",105/short_score.mxl
106,chor106.krn,"106 Jesu Leiden, Pein und Tod.mscx",106/short_score.mxl
107,chor107.krn,"107 Herzlich lieb hab ich dich, o Herr.mscx",107/short_score.mxl
108,chor108.krn,108 Valet will ich dir geben.mscx,108/short_score.mxl
109,chor109.krn,109 Singen wir aus Herzens Grund.mscx,109/short_score.mxl
110,chor110.krn,110 Vater unser im Himmelreich.mscx,110/short_score.mxl
111,chor111.krn,"111 Herzliebster Jesu, was hast du verbrochen.mscx",111/short_score.mxl
112,chor112.krn,112 Wer nur den lieben Gott läßt walten.mscx,112/short_score.mxl
113,chor113.krn,"113 Christus, der uns selig macht.mscx",113/short_score.mxl
114,chor114.krn,114 Von Gott will ich nicht lassen.mscx,114/short_score.mxl
115,chor115.krn,"115 Was mein Gott will, das gescheh allezeit.mscx",115/short_score.mxl
116,chor116.krn,"116 Nun lob, mein Seel, den Herren.mscx",116/short_score.mxl
117,chor117.krn,117 Nun ruhen alle Wälder.mscx,117/short_score.mxl
118,chor118.krn,"118 In dich hab ich gehoffet, Herr.mscx",118/short_score.mxl
119,chor119.krn,119 Christ unser Herr zum Jordan kam.mscx,119/short_score.mxl
120,chor120.krn,"120 Was mein Gott will, das gescheh allezeit.mscx",120/short_score.mxl
121,chor121.krn,"121 Werde munter, mein Gemüte.mscx",121/short_score.mxl
122,chor122.krn,122 Ist Gott mein Schild und Helfersmann.mscx,122/short_score.mxl
123,chor123.krn,123 Helft mir Gottes Güte preisen.mscx,123/short_score.mxl
124,chor124.krn,"124 Auf, auf mein Herz, und du mein ganzer Sinn.mscx",124/short_score.mxl
125,chor125.krn,125 Allein Gott in der Höh sei Ehr.mscx,125/short_score.mxl
126,chor126.krn,126 Durch Adams Fall ist ganz verderbt.mscx,126/short_score.mxl
127,chor127.krn,127 Dies sind die heilgen zehn Gebot.mscx,127/short_score.mxl
128,chor128.krn,128 Alles ist an Gottes Segen.mscx,128/short_score.mxl
129,chor129.krn,129 Keinen hat Gott verlassen.mscx,129/short_score.mxl
130,chor130.krn,130 Meine Seele erhebt den Herren.mscx,130/short_score.mxl
131,chor131.krn,"131 Liebster Jesu, wir sind hier.mscx",131/short_score.mxl
132,chor132.krn,"132 Kyrie, Gott Vater in Ewigkeit.mscx",132/short_score.mxl
133,chor133.krn,133 Wir glauben all an einen Gott.mscx,133/short_score.mxl
134,chor134.krn,"137 Du, o schönes Weltgebäude.mscx",134/short_score.mxl
135,chor135.krn,134 Gott der Vater wohn uns bei.mscx,135/short_score.mxl
136,chor136.krn,"136 Herr Jesu Christ, dich zu uns wend.mscx",136/short_score.mxl
137,chor137.krn,"135 Wer Gott vertraut, hat wohl gebaut.mscx",137/short_score.mxl
138,chor138.krn,"138 Jesu, meine Freude.mscx",138/short_score.mxl
139,chor139.krn,139 Warum sollt ich mich denn grämen.mscx,139/short_score.mxl
140,chor140.krn,140 In allen meinen Taten.mscx,140/short_score.mxl
141,chor141.krn,141 Seelenbräutigam.mscx,141/short_score.mxl
142,chor142.krn,142 Schwing dich auf zu deinem Gott.mscx,142/short_score.mxl
143,chor143.krn,143 In dulci jubilo.mscx,143/short_score.mxl
144,chor144.krn,144 Wer in dem Schutz des Höchsten ist.mscx,144/short_score.mxl
145,chor145.krn,"145 Warum betrübst du dich, mein Herz.mscx",145/short_score.mxl
146,chor146.krn,146 Wer nur den lieben Got läßt walten.mscx,146/short_score.mxl
147,chor147.krn,147 Wenn ich in Angst und Not.mscx,147/short_score.mxl
148,chor148.krn,148 Uns ist ein Kindlein heut geborn.mscx,148/short_score.mxl
149,chor149.krn,"149 Nicht so traurig, nicht so sehr.mscx",149/short_score.mxl
150,,"150 Welt ade, ich bin dein müde.mscx",150/short_score.mxl
151,chor151.krn,"151 Meinen Jesum laß ich nicht, Jesus.mscx",151/short_score.mxl
152,chor152.krn,"152 Meinen Jesum laß ich nicht, weil etc..mscx",152/short_score.mxl
153,chor153.krn,153 Alle Menschen müssen sterben.mscx,153/short_score.mxl
154,chor154.krn,154 Der du bist drei in Einigkeit.mscx,154/short_score.mxl
155,chor155.krn,"155 Hilf, Herr Jesu, laß gelingen.mscx",155/short_score.mxl
156,chor156.krn,"156 Ach Gott, wie manches Herzeleid.mscx",156/short_score.mxl
157,chor157.krn,157 Wo Gott zum Haus nicht gibt sein Gunst.mscx,157/short_score.mxl
158,chor158.krn,"158 Der Tag, der ist so freudenreich.mscx",158/short_score.mxl
159,chor159.krn,159 Als der gütige Gott.mscx,159/short_score.mxl
160,chor160.krn,"160 Gelobet seist du, Jesu Christ.mscx",160/short_score.mxl
161,chor161.krn,"161 Ihr Gestirn, ihr hohlen Lüfte.mscx",161/short_score.mxl
162,chor162.krn,162 Das alte Jahr vergangen ist.mscx,162/short_score.mxl
163,chor163.krn,163 Für Freuden laßt uns springen.mscx,163/short_score.mxl
164,chor164.krn,"167 Herr Gott, dich loben wir alle.mscx",164/short_score.mxl
165,chor165.krn,"165 O Lamm Gottes, unschuldig.mscx",165/short_score.mxl
166,chor166.krn,166 Es stehn vor Gottes Throne.mscx,166/short_score.mxl
167,chor167.krn,164 Du großer Schmerzensmann.mscx,167/short_score.mxl
168,chor168.krn,"168 Heut ist, o Mensch, ein großer Trauertag.mscx",168/short_score.mxl
169,chor169.krn,"169 Jesu, der du selbsten wohl.mscx",169/short_score.mxl
170,chor170.krn,"170 Nun komm, der Heiden Heiland.mscx",170/short_score.mxl
171,chor171.krn,"171 Schaut, ihr Sünder.mscx",171/short_score.mxl
172,chor172.krn,"172 Sei gegrüßet, Jesu gütig.mscx",172/short_score.mxl
173,chor173.krn,173 O Herzenangst.mscx,173/short_score.mxl
174,chor174.krn,"174 Jesus Christus, unser Heiland, der den Tod.mscx",174/short_score.mxl
175,chor175.krn,"175 Jesus, meine Zuversicht.mscx",175/short_score.mxl
176,chor176.krn,176 Erstanden ist der heilige Christ.mscx,176/short_score.mxl
177,chor177.krn,"177 Ach bleib bei uns, Herr Jesu Christ.mscx",177/short_score.mxl
178,chor178.krn,178 Das neugeborne Kindelein.mscx,178/short_score.mxl
179,chor179.krn,"179 Wachet auf, ruft uns die Stimme.mscx",179/short_score.mxl
180,chor180.krn,180 Als Jesus Christus in der Nacht.mscx,180/short_score.mxl
181,chor181.krn,181 Gott hat das Evangelium.mscx,181/short_score.mxl
182,chor182.krn,182 Wär Gott nicht mit uns diese Zeit.mscx,182/short_score.mxl
183,chor183.krn,"183 Nun freut euch, lieben Christen gmein.mscx",183/short_score.mxl
184,chor184.krn,184 Christ lag in Todesbanden.mscx,184/short_score.mxl
185,chor185.krn,"185 Nun freut euch, Gottes Kinder all.mscx",185/short_score.mxl
186,chor186.krn,"186 Ach Gott, erhör mein Seufzen.mscx",186/short_score.mxl
187,chor187.krn,"187 Komm, Gott Schöpfer, Heiliger Geist.mscx",187/short_score.mxl
188,chor188.krn,188 Ich danke dir schon durch deinen Sohn.mscx,188/short_score.mxl
189,chor189.krn,"189 Herr Jesu Christ, wahr' Mensch und Gott.mscx",189/short_score.mxl
190,chor190.krn,"190 Herr, nun laß in Friede.mscx",190/short_score.mxl
191,chor191.krn,191 Von Gott will ich nicht lassen.mscx,191/short_score.mxl
192,chor192.krn,"192 Gottlob, es geht nunmehr zu Ende.mscx",192/short_score.mxl
193,chor193.krn,"193 Was bist du doch, o Seele, so betrübt.mscx",193/short_score.mxl
194,chor194.krn,"194 Liebster Immanuel, Herzog aller Frommen.mscx",194/short_score.mxl
195,chor195.krn,195 Wie schön leuchtet der Morgenstern.mscx,195/short_score.mxl
196,chor196.krn,196 Da der Herr Christ zu Tische saß.mscx,196/short_score.mxl
197,chor197.krn,197 Christ ist erstanden.mscx,197/short_score.mxl
198,chor198.krn,"198 Christus, der uns selig macht.mscx",198/short_score.mxl
199,chor199.krn,"199 Hilf, Gott, daß mirs gelinge.mscx",199/short_score.mxl
200,chor200.krn,"200 Christus ist erstanden, hat überwunden.mscx",200/short_score.mxl
201,chor201.krn,"201 O Mensch, bewein dein Sünde groß.mscx",201/short_score.mxl
202,chor202.krn,202 O wir armen Sünder.mscx,202/short_score.mxl
203,chor203.krn,"203 O Mensch, schau Jesum Christum an.mscx",203/short_score.mxl
204,chor204.krn,"204 Wer weiß, wie nahe mir mein Ende.mscx",204/short_score.mxl
205,chor205.krn,"205 Herr Gott, dich loben wir.mscx",205/short_score.mxl
206,chor206.krn,"206 So gibst du nun, mein Jesu, gute Nacht.mscx",206/short_score.mxl
207,chor207.krn,207 Des Heilgen Geistes reiche Gnad.mscx,207/short_score.mxl
208,chor208.krn,208 Als vierzig Tag nach Ostern war.mscx,208/short_score.mxl
209,chor209.krn,"209 Dir, dir, Jehova, will ich singen.mscx",209/short_score.mxl
210,chor210.krn,"210 Christe, du Beistand deiner Kreuzgemeinde.mscx",210/short_score.mxl
211,chor211.krn,211 Weltlich Ehr und zeitlich Gut.mscx,211/short_score.mxl
212,chor212.krn,"212 Herr, ich denk an jene Zeit.mscx",212/short_score.mxl
213,chor213.krn,"213 O wie selig seid ihr doch, ihr Frommen.mscx",213/short_score.mxl
214,chor214.krn,214 Mitten wir im Leben sind.mscx,214/short_score.mxl
215,chor215.krn,215 Verleih uns Frieden gnädiglich.mscx,215/short_score.mxl
216,chor216.krn,"216 Es ist genug, so nimm, Herr....mscx",216/short_score.mxl
217,chor217.krn,,217/short_score.mxl
218,chor218.krn,"218 Laß, o Herr, dein Ohr sich neigen.mscx",218/short_score.mxl
219,chor219.krn,"219 O wie seid ihr doch, ihr Frommen.mscx",219/short_score.mxl
220,chor220.krn,220 Sollt ich meniem Gott nicht singen.mscx,220/short_score.mxl
221,chor221.krn,"221 Herr, straf mich nicht in deinem Zorn.mscx",221/short_score.mxl
222,chor222.krn,222 Nun preiset alle Gottes Barmherzigkeit.mscx,222/short_score.mxl
223,chor223.krn,"223 Ich dank dir, Gott, für deine Wohltat.mscx",223/short_score.mxl
224,chor224.krn,224 Das walt Gott Vater und Gott Sohn.mscx,224/short_score.mxl
225,chor225.krn,"225 Gott, der du selber bist das Licht.mscx",225/short_score.mxl
226,chor226.krn,"226 Herr Jesu Christ, du hast bereit'.mscx",226/short_score.mxl
227,chor227.krn,"227 Lobet den Herren, denn er ist sehr freundlich.mscx",227/short_score.mxl
228,chor228.krn,"228 Danket dem Herren, denn er ist sehr freundlich.mscx",228/short_score.mxl
229,chor229.krn,"229 Ich danke dir, o Gott, in deinem Throne.mscx",229/short_score.mxl
230,chor230.krn,"230 Christ, der du bist der helle Tag.mscx",230/short_score.mxl
231,chor231.krn,231 Die Nacht ist kommen.mscx,231/short_score.mxl
232,chor232.krn,232 Die Sonn hat sich mit ihrem Glanz gewendet.mscx,232/short_score.mxl
233,chor233.krn,"233 Werde munter, mein Gemüte.mscx",233/short_score.mxl
234,chor234.krn,234 Gott lebet noch.mscx,234/short_score.mxl
235,chor235.krn,"235 Heilig, heilig.mscx",235/short_score.mxl
236,chor236.krn,"236 O Jesu, du mein Bräutigam.mscx",236/short_score.mxl
237,chor237.krn,"237 Was betrübst du dich, mein Herze.mscx",237/short_score.mxl
238,chor238.krn,,238/short_score.mxl
239,chor239.krn,239 Den Vater dort oben.mscx,239/short_score.mxl
240,chor240.krn,240 Nun sich der Tag geendet hat.mscx,240/short_score.mxl
241,chor241.krn,"241 Was willst du mich, o meine Seele, kränken.mscx",241/short_score.mxl
242,chor242.krn,"242 Wie bist du, Seele, in mir so gar betrübt.mscx",242/short_score.mxl
243,chor243.krn,"243 Jesu, du mein liebstes Leben.mscx",243/short_score.mxl
244,chor244.krn,"244 Jesu, Jesu, du bist mein.mscx",244/short_score.mxl
245,chor245.krn,"245 Christe, der du bist Tag und Licht.mscx",245/short_score.mxl
246,chor246.krn,246 Singt dem Herrn ein neues Lied.mscx,246/short_score.mxl
247,chor247.krn,247 Wenn wir in höchsten Nöten sein.mscx,247/short_score.mxl
248,chor248.krn,248 Sei lob und Ehr dem höchsten Gut.mscx,248/short_score.mxl
249,chor249.krn,249 Allein Gott in der Höh sei Ehr.mscx,249/short_score.mxl
250,chor250.krn,250 Ein feste Burg ist unser Gott.mscx,250/short_score.mxl
251,chor251.krn,"251 Ich bin ja, Herr, in deiner Macht.mscx",251/short_score.mxl
252,chor252.krn,"252 Jesu, nun sei gepreist.mscx",252/short_score.mxl
253,chor253.krn,"253 Ach Gott, vom Himmel sieh darein.mscx",253/short_score.mxl
254,chor254.krn,"254 Weg, mein Herz, mit den Gedanken.mscx",254/short_score.mxl
255,chor255.krn,255 Was frag ich nach der Welt.mscx,255/short_score.mxl
256,chor256.krn,"256 Jesu, deine tiefen Wunden.mscx",256/short_score.mxl
257,chor257.krn,257 Nun laßt uns Gott den Herren.mscx,257/short_score.mxl
258,chor258.krn,258 Mein Augen schließ ich jetzt in Gottes Namen.mscx,258/short_score.mxl
259,chor259.krn,259 Verleih uns Frieden gnädiglich.mscx,259/short_score.mxl
260,chor260.krn,260 Es ist gewißlich an der Zeit.mscx,260/short_score.mxl
261,chor261.krn,261 Christ lag in Todesbanden.mscx,261/short_score.mxl
262,chor262.krn,"262 Ach Gott, vom Himmel sieh darein.mscx",262/short_score.mxl
263,chor263.krn,"263 Jesu, meine Freude.mscx",263/short_score.mxl
264,chor264.krn,"264 Jesu, meines Herzens Freud.mscx",264/short_score.mxl
265,chor265.krn,"265 Was mein Gott will, das gescheh allzeit.mscx",265/short_score.mxl
266,chor266.krn,"266 Herr Jesu Christ, du höchstes Gut.mscx",266/short_score.mxl
267,chor267.krn,267 Vater unser im Himmelreich.mscx,267/short_score.mxl
268,chor268.krn,"268 Nun lob, mein Seel, den Herren.mscx",268/short_score.mxl
269,chor269.krn,"269 Jesu, der du meine Seele.mscx",269/short_score.mxl
270,chor270.krn,270 Befiehl du deine Wege.mscx,270/short_score.mxl
271,chor271.krn,271 Gib dich zufrieden und sei stille.mscx,271/short_score.mxl
272,chor272.krn,,272/short_score.mxl
273,chor273.krn,273 Ein feste Burg ist unser Gott.mscx,273/short_score.mxl
274,chor274.krn,"274 O Ewigkeit, du Donnerwort.mscx",274/short_score.mxl
275,chor275.krn,"275 O Welt, sieh hier dein Leben.mscx",275/short_score.mxl
276,chor276.krn,"276 Lobt Gott, ihr Christen allzugleich.mscx",276/short_score.mxl
277,chor277.krn,"277 Herzlieb lieb hab ich dich, o Herr.mscx",277/short_score.mxl
278,chor278.krn,278 Wie schön leuchtet der Morgenstern.mscx,278/short_score.mxl
279,chor279.krn,279 Ach Gott und Herr.mscx,279/short_score.mxl
280,chor280.krn,"280 Eins ist not!, ach Herr, dies Eine.mscx",280/short_score.mxl
281,chor281.krn,281 Wo soll ich fliehen hin.mscx,281/short_score.mxl
282,chor282.krn,"282 Freu dich sehr, o meine Seele.mscx",282/short_score.mxl
283,chor283.krn,"283 Jesu, meine Freude.mscx",283/short_score.mxl
284,chor284.krn,"283bis Herr Jesu Christ, wahr' Mensch und Gott.mscx",284/short_score.mxl
285,chor285.krn,284 Wär Gott nicht mit uns diese Zeit.mscx,285/short_score.mxl
286,chor286.krn,285 Befiehl du deine Wege.mscx,286/short_score.mxl
287,chor287.krn,"286 Herr, ich habe mißgehandelt.mscx",287/short_score.mxl
288,chor288.krn,"287 Gelobet seist du, Jesu Christ.mscx",288/short_score.mxl
289,chor289.krn,288 Nun ruhen alle Wälder.mscx,289/short_score.mxl
290,chor290.krn,289 Es ist das Heil uns kommen her.mscx,290/short_score.mxl
291,chor291.krn,290 Was frag ich nach der Welt.mscx,291/short_score.mxl
292,chor292.krn,"291 Nimm von uns, Herr, du treuer Gott.mscx",292/short_score.mxl
293,chor293.krn,"292 Was Gott tut, das ist wohlgetan.mscx",293/short_score.mxl
294,chor294.krn,"293 Herr Jesu Christ, du höchstes Gut.mscx",294/short_score.mxl
295,chor295.krn,"294 Herr Jesu Christ, mein's Lebens Licht.mscx",295/short_score.mxl
296,chor296.krn,"295 Nun lob, mein Seel, den Herren.mscx",296/short_score.mxl
297,chor297.krn,"296 Jesu, der du meine Seele.mscx",297/short_score.mxl
298,chor298.krn,"297 Weg, mein Herz, mit den Gedanken.mscx",298/short_score.mxl
299,chor299.krn,"298 Meinen Jesum lass ich nicht, weil.mscx",299/short_score.mxl
300,chor300.krn,"299 Warum betrübst du dich, mein Herz.mscx",300/short_score.mxl
301,chor301.krn,"300 Ach lieben Christen, seid getrost.mscx",301/short_score.mxl
302,chor302.krn,"301 Hilf, Gott, daß mirs gelinge.mscx",302/short_score.mxl
303,chor303.krn,"302 Herr Christ, der ein'ge Gottes Sohn.mscx",303/short_score.mxl
304,chor304.krn,303 Auf meinen lieben Gott.mscx,304/short_score.mxl
305,chor305.krn,304 Wie schön leuchtet der Morgenstern.mscx,305/short_score.mxl
306,chor306.krn,"305 O Mensch, bewein dein Sünde groß.mscx",306/short_score.mxl
307,chor307.krn,"306 Christus, der uns selig macht.mscx",307/short_score.mxl
308,chor308.krn,"307 Ach Gott, wie manches Herzeleid.mscx",308/short_score.mxl
309,chor309.krn,308 Ein Lämmlein geht und trägt die Schuld.mscx,309/short_score.mxl
310,chor310.krn,"309 Machs mit mir, Gott, nach deiner Güte.mscx",310/short_score.mxl
311,chor311.krn,310 Dank sei Gott in der Höhe.mscx,311/short_score.mxl
312,chor312.krn,"311 O Gott, du frommer Gott.mscx",312/short_score.mxl
313,chor313.krn,312 Allein Gott in der Höh sei Ehr.mscx,313/short_score.mxl
314,chor314.krn,313 Das alte Jahr vergangen ist.mscx,314/short_score.mxl
315,chor315.krn,"314 O Gott, du frommer Gott.mscx",315/short_score.mxl
316,chor316.krn,"315 Christus, der ist mein Leben.mscx",316/short_score.mxl
317,chor317.krn,"316 Herr, wie du willst, so schicks mit mir.mscx",317/short_score.mxl
318,chor318.krn,"317 Herr, wie du willst, so schicks mit mir.mscx",318/short_score.mxl
319,chor319.krn,"318 Sanctus, Sanctus Dominus Deus Sabaoth.mscx",319/short_score.mxl
320,chor320.krn,319 Gott sei uns gnädig und barmherzig.mscx,320/short_score.mxl
321,chor321.krn,320 Wir Christenleut.mscx,321/short_score.mxl
322,chor322.krn,321 Wenn mein Stündlein vorhanden ist.mscx,322/short_score.mxl
323,chor323.krn,322 Wie schön leuchtet der Morgenstern.mscx,323/short_score.mxl
324,chor324.krn,323 Jesu meine Freude.mscx,324/short_score.mxl
325,chor325.krn,,325/short_score.mxl
326,chor326.krn,325 Allein Gott in der Höh sei Ehr.mscx,326/short_score.mxl
327,chor327.krn,"326 Jesu, nun sei gepreiset.mscx",327/short_score.mxl
328,chor328.krn,"327 Liebster Jesu, wir sind hier.mscx",328/short_score.mxl
329,chor329.krn,328 Sei Lob und Ehr dem höchsten Gut.mscx,329/short_score.mxl
330,chor330.krn,329 Nun danket alle Gott.mscx,330/short_score.mxl
331,chor331.krn,330 Wo soll ich fliehen hin.mscx,331/short_score.mxl
332,chor332.krn,331 Von Gott will ich nicht lassen.mscx,332/short_score.mxl
333,chor333.krn,332 Es woll uns Gott genädig sein.mscx,333/short_score.mxl
334,chor334.krn,,334/short_score.mxl
335,chor335.krn,334 Es ist das Heil uns kommen her.mscx,335/short_score.mxl
336,chor336.krn,335 Wo Gott der Herr nicht bei uns hält.mscx,336/short_score.mxl
337,chor337.krn,"336 O Gott, du frommer Gott.mscx",337/short_score.mxl
338,chor338.krn,"337 Jesus, meine Zuversicht.mscx",338/short_score.mxl
339,chor339.krn,338 Wer nur den lieben Gott läßt walten.mscx,339/short_score.mxl
340,chor340.krn,339 Befiehl du deine Wege.mscx,340/short_score.mxl
341,chor341.krn,"340 Ich dank dir, lieber Herre.mscx",341/short_score.mxl
342,chor342.krn,"341 Lobt Gott, ihr Christen allzugleich.mscx",342/short_score.mxl
343,chor343.krn,,343/short_score.mxl
344,chor344.krn,"343 Vom Himmel hoch, da komm ich her.mscx",344/short_score.mxl
345,chor345.krn,344 O Haupt voll Blut und Wunden.mscx,345/short_score.mxl
346,chor346.krn,345 Meines Lebens letzte Zeit.mscx,346/short_score.mxl
347,chor347.krn,"346 Was Gott tut, das ist wohlgetan.mscx",347/short_score.mxl
348,chor348.krn,"347 Meinen Jesum laß ich nicht, weil.mscx",348/short_score.mxl
349,chor349.krn,348 Ich hab in Gottes Herz und Sinn.mscx,349/short_score.mxl
350,chor350.krn,"349 Jesu, meiner Seelen Wonne.mscx",350/short_score.mxl
351,chor351.krn,,351/short_score.mxl
352,chor352.krn,351 Es woll uns Gott genädig sein.mscx,352/short_score.mxl
353,chor353.krn,352 Der Herr ist mein getreuer Hirt.mscx,353/short_score.mxl
354,chor354.krn,353 Sei Lob und Ehr dem höchsten Gut.mscx,354/short_score.mxl
355,chor355.krn,354 Nun ruhen alle Wälder.mscx,355/short_score.mxl
356,chor356.krn,"355 Jesu, meine Freude.mscx",356/short_score.mxl
357,chor357.krn,356 Warum sollt ich mich denn grämen.mscx,357/short_score.mxl
358,chor358.krn,357 Meine Seel erhebt den Herren.mscx,358/short_score.mxl
359,chor359.krn,"358 Allein zu dir, Herr Jesu Christ.mscx",359/short_score.mxl
360,chor360.krn,359 Wir Christenleut.mscx,360/short_score.mxl
361,chor361.krn,"360 Du Lebensfürst, Herr Jesu Christ.mscx",361/short_score.mxl
362,chor362.krn,361 Es ist gewißlich an der Zeit.mscx,362/short_score.mxl
363,chor363.krn,"362 O Welt, sieh hier dein Leben.mscx",363/short_score.mxl
364,chor364.krn,363 Von Gott will ich nicht lassen.mscx,364/short_score.mxl
365,chor365.krn,"364 Jesu, meiner Seelen Wonne.mscx",365/short_score.mxl
366,chor366.krn,"365 O Welt, sieh hier dein Leben.mscx",366/short_score.mxl
367,chor367.krn,366 Befiel du deine Wege.mscx,367/short_score.mxl
368,chor368.krn,"367 Hilf, Herr Jesu, laß gelingen.mscx",368/short_score.mxl
369,chor369.krn,"368 Jesu, der du meine Seele.mscx",369/short_score.mxl
370,chor370.krn,"369 Kommt her zu mir, spricht Gottes Sohn.mscx",370/short_score.mxl
371,chor371.krn,370 Christ lag in Todesbanden.mscx,371/short_score.mxl
